rank,lForm,lemma,pos,subLemma,wType,frequency,pmw,PB_rank,PB_frequency,PB_pmw,PM_rank,PM_frequency,PM_pmw,PN_rank,PN_frequency,PN_pmw,LB_rank,LB_frequency,LB_pmw,OW_rank,OW_frequency,OW_pmw,OT_rank,OT_frequency,OT_pmw,OP_rank,OP_frequency,OP_pmw,OB_rank,OB_frequency,OB_pmw,OC_rank,OC_frequency,OC_pmw,OY_rank,OY_frequency,OY_pmw,OV_rank,OV_frequency,OV_pmw,OL_rank,OL_frequency,OL_pmw,OM_rank,OM_frequency,OM_pmw,PB_fixed_rank,PB_fixed_frequency,PB_fixed_pmw,PB_variable_rank,PB_variable_frequency,PB_variable_pmw,PM_fixed_rank,PM_fixed_frequency,PM_fixed_pmw,PM_variable_rank,PM_variable_frequency,PM_variable_pmw,PN_fixed_rank,PN_fixed_frequency,PN_fixed_pmw,PN_variable_rank,PN_variable_frequency,PN_variable_pmw,LB_fixed_rank,LB_fixed_frequency,LB_fixed_pmw,LB_variable_rank,LB_variable_frequency,LB_variable_pmw,OW_fixed_rank,OW_fixed_frequency,OW_fixed_pmw,OW_variable_rank,OW_variable_frequency,OW_variable_pmw,core_rank,core_frequency,core_pmw
142,パーセント,パーセント,名詞-普通名詞-助数詞可能,percent,外,63392,605.9700959,194,11614,408.2176526,210,1665,376.3074991,92,1196,873.1380113,317,7355,242.6782039,19,29274,5997.674196,372,252,272.4501049,363,1280,341.2907402,595,479,128.1547746,351,2518,246.0067862,246,3623,357.7994907,,,,2414,10,9.2671277,130,4126,808.6328911,190,2613,410.6272791,193,11100,410.5099573,240,394,340.4617145,207,1611,383.8733175,81,955,1026.219643,109,607,691.9728865,342,1518,227.0693263,312,7053,244.656011,21,6121,5876.767423,19,28267,5998.526417,90,1070,974.5585569
286,トウキョウ,トウキョウ,名詞-固有名詞-地名-一般,,固,29804,284.8992418,388,6140,215.8133621,129,2608,589.4354099,84,1323,965.8541714,308,7505,247.6274535,318,2082,426.5613744,416,232,250.8270807,587,757,201.8414769,305,969,259.2525607,424,2063,201.5536139,200,4415,436.0156642,979,24,107.5360358,1730,25,23.1678193,291,1661,325.5305943,347,1521,239.021849,398,5753,212.7625031,122,729,629.9405834,132,2420,576.6439655,85,882,947.7756286,91,809,922.2505193,291,1768,264.4654604,316,7024,243.6500526,334,427,409.9623737,315,2023,429.2998529,149,627,571.0730983
305,アメリカ,アメリカ,名詞-固有名詞-地名-国,America,固,28243,269.9774959,285,7913,278.1321065,298,1260,284.7732425,538,265,193.4628537,214,10970,361.9551186,566,1103,225.9832834,242,388,419.4866694,3227,80,21.3306713,228,1286,344.0648019,525,1627,158.956728,565,1554,153.4696132,1710,13,58.248686,2228,13,12.0472661,274,1771,347.0889118,276,1854,291.3520764,286,7489,276.9647811,278,350,302.4406093,300,1184,282.1266344,786,134,143.9931227,376,222,253.0773984,219,2353,351.9724142,214,10437,362.0409452,707,184,176.6582594,554,1095,232.3694211,533,206,187.6252923
351,ページ,ページ,名詞-普通名詞-助数詞可能,page,外,24642,235.5551979,232,9624,338.2716281,289,1293,292.2315894,1298,120,87.6058205,398,6003,198.0689678,2135,175,35.8541021,128,678,733.0205202,219,2123,566.0626887,927,324,86.6850667,357,2479,242.1965143,586,1508,148.9267546,2149,10,44.8066816,,,,1278,305,59.7753349,248,2041,320.7387205,230,9240,341.7218023,252,379,327.4999741,296,1201,286.1774391,1168,92,98.8609499,1614,60,68.3992969,376,1407,210.4654428,397,5723,198.5206793,1518,63,60.4862519,2122,172,36.5000369,696,163,148.4607895
420,センター,センター,名詞-普通名詞-一般,center,外,20664,197.5291214,1118,2301,80.8772876,558,706,159.56342,295,430,313.9208569,1500,1700,56.0914951,415,1613,330.4723809,1689,55,59.4633165,49,10648,2839.112345,2721,104,27.8248362,955,855,83.5328841,619,1419,140.1373109,10039,1,4.4806682,445,273,252.9925872,807,559,109.5554499,1120,523,82.188315,1147,2134,78.9214639,603,176,152.0844207,546,681,162.2704713,268,313,336.3421449,313,260,296.396953,1499,378,56.5429548,1522,1598,55.4317745,401,353,338.9150303,409,1581,335.5032464,404,253,230.4330046
549,サービス,サービス,名詞-普通名詞-サ変可能,service,外,16630,158.9677356,459,5393,189.5572413,503,778,175.8361767,517,273,199.3032417,886,2814,92.8479219,219,2989,612.3880635,989,99,107.0339698,337,1368,364.7544786,1946,153,40.9346148,734,1126,110.0093889,976,952,94.0174207,10039,1,4.4806682,1199,56,51.8959153,724,628,123.0783945,429,1267,199.1063003,464,5086,188.0949228,549,191,165.0461611,506,739,176.0908638,480,196,210.6168064,519,172,196.0779843,826,668,99.9224703,887,2679,92.9297396,255,560,537.6555721,219,2887,612.6488756,323,303,275.973124
557,システム,システム,名詞-普通名詞-一般,system,外,16458,157.3235714,385,6156,216.3757422,489,806,182.164471,830,188,137.2491188,730,3418,112.7769002,223,2969,608.2904518,1975,46,49.7329557,1188,316,84.2561515,1383,218,58.3251375,782,1056,103.1704393,1367,683,67.4515739,6922,2,8.9613363,4150,1,0.9267128,752,599,117.394838,469,1170,183.8629608,383,5919,218.901661,459,224,193.56199,472,786,187.2901475,817,130,139.6948205,856,116,132.2386406,697,792,118.4709529,731,3244,112.5285835,257,555,532.8550759,220,2885,612.2244566,388,260,236.8086213
574,メートル,メートル,名詞-普通名詞-助数詞可能,metre,外,15960,152.5631425,604,4135,145.3401062,444,878,198.4372277,201,609,444.5995392,510,4732,156.1323264,815,703,144.0310501,207,426,460.5704154,454,1013,270.0996249,894,337,90.1631713,1411,564,55.1023937,411,2168,214.1068992,2854,7,31.3646771,1238,53,49.115777,1203,335,65.654876,508,1091,171.4482823,618,3844,142.162187,417,246,212.5725425,448,817,194.676909,192,435,467.4403611,228,344,392.1559686,494,1079,161.4017148,513,4455,154.5360171,750,167,160.3365724,805,690,146.4245667,598,187,170.3200469
589,テレビ,テレビ,名詞-普通名詞-一般,television,外,15644,149.5424688,846,2996,105.3056731,314,1202,271.6646329,278,448,327.06173,658,3734,123.2033193,825,697,142.8017666,1052,93,100.5470625,733,574,153.0475663,543,520,139.1241812,311,2793,272.8740881,384,2312,228.3280216,2312,9,40.3260134,,,,1411,266,52.1319314,720,784,123.2038985,867,2796,103.4041298,279,346,298.9841452,336,1085,258.5366539,316,278,298.7320009,252,316,360.2362968,606,884,132.2327302,672,3506,121.616897,1085,102,97.9301221,818,677,143.665843,465,233,212.2169568
592,メール,メール,名詞-普通名詞-サ変可能,mail,外,15589,149.0167186,1414,1835,64.4979673,689,589,133.1201904,1654,92,67.1644624,2283,1092,36.0305369,5625,29,5.9415369,1975,46,49.7329557,420,1096,292.2301963,3064,90,24.0791852,107,8522,832.5932613,433,2036,201.0708703,,,,773,123,113.9856712,4774,39,7.6434035,1374,430,67.5735668,1426,1734,64.1283122,810,136,117.5197796,670,571,136.0593819,1619,64,68.7728347,1723,56,63.8393437,2074,272,40.6869939,2283,1039,36.0410599,3824,13,12.4812901,5625,28,5.9418665,661,170,154.8364062
709,データ,データ,名詞-普通名詞-一般,data,外,13210,126.2756336,425,5712,200.7696945,351,1108,250.419645,1616,94,68.6245594,1151,2214,73.0509237,576,1087,222.7051941,301,309,334.0757238,2860,97,25.8634389,2080,143,38.2591498,644,1288,125.8366722,1251,745,73.5745571,,,,1257,52,48.1890642,1112,361,70.7504783,425,1281,201.3063699,425,5460,201.9265195,404,254,219.4854708,343,1065,253.7710013,1552,67,71.9965614,2035,47,53.5794492,1258,455,68.0609641,1146,2112,73.2615192,666,193,185.2991525,575,1044,221.5467358,746,152,138.4419632
824,オオサカ,オオサカ,名詞-固有名詞-地名-一般,,固,11572,110.6178374,1151,2256,79.2955936,479,818,184.8765971,194,622,454.0901698,927,2682,88.4925823,828,695,142.3920054,1374,70,75.6805847,856,481,128.250661,869,343,91.7684503,649,1271,124.1757845,468,1894,187.0472634,5368,3,13.4420045,3074,4,3.7068511,974,433,84.8613771,988,582,91.4600369,1172,2100,77.664046,450,229,197.8825701,483,770,183.4776254,184,448,481.4098431,228,344,392.1559686,833,664,99.3241322,928,2543,88.2121418,862,141,135.3739923,831,665,141.1193288,454,238,216.7709687
868,フランス,フランス,名詞-固有名詞-地名-国,France,固,10957,104.7389945,748,3386,119.0136879,710,576,130.1820537,728,212,154.7702829,537,4455,146.9927122,936,590,120.8795441,425,228,246.5024758,4175,53,14.1315697,981,307,82.1367762,1730,451,44.0623751,1574,593,58.5633723,5368,3,13.4420045,,,,2613,103,20.1864246,892,639,100.4174632,744,3235,119.6396137,594,179,154.6767688,742,521,124.1452504,693,150,161.1863314,623,152,173.2782187,566,948,141.8061405,544,4202,145.7598977,925,128,122.8927022,935,573,121.5960532,700,162,147.5499871
875,ポイント,ポイント,名詞-普通名詞-助数詞可能,point,外,10919,104.3757489,703,3586,126.0434392,240,1479,334.2695442,766,204,148.9298949,1195,2156,71.1372138,871,654,133.9919015,1123,86,92.979004,1311,276,73.5908159,2545,113,30.2327548,954,858,83.825982,678,1322,130.5578048,10039,1,4.4806682,,,,1801,184,36.0611856,681,827,129.9612552,710,3370,124.6323023,275,353,305.0329574,236,1414,336.9316393,620,161,173.0066624,993,100,113.9988281,1049,538,80.4764806,1211,2024,70.2089559,840,144,138.25429,875,627,133.0553672,777,147,133.8879513
888,ホーム,ホーム,名詞-普通名詞-一般,home,外,10790,103.1426258,1306,2009,70.6138509,614,648,146.4548104,818,191,139.4392643,1567,1640,54.1117953,1145,443,90.7620984,1489,64,69.1936774,225,2065,550.597952,2273,129,34.5134988,538,1578,154.1694633,514,1716,169.4683759,1418,16,71.6906905,2486,9,8.340415,1353,282,55.2676867,1156,507,79.6739497,1294,1923,71.1180764,549,191,165.0461611,630,602,143.4461435,808,131,140.7693961,802,123,140.2185586,1602,358,53.551264,1576,1556,53.9748693,955,123,118.092206,1135,433,91.8867209,635,178,162.1228253
907,ホテル,ホテル,名詞-普通名詞-一般,hotel,外,10503,100.3991658,1137,2273,79.8931225,478,820,185.3286182,458,299,218.2845028,696,3582,118.1880797,1788,227,46.5078924,3871,18,19.4607218,2564,114,30.3962066,480,594,158.9226223,721,1136,110.9863817,643,1379,136.1869991,1837,12,53.7680179,,,,4170,49,9.6032505,1122,521,81.8740193,1140,2152,79.5871557,506,206,178.0079015,474,782,186.3370169,518,184,197.7218998,412,206,234.8375859,610,878,131.335223,704,3363,116.6564816,1586,59,56.6458549,1821,214,45.4128366,788,145,132.0663465
935,ブログ,ブログ,名詞-普通名詞-一般,blog,外,10205,97.5505557,12421,116,4.0772557,14320,17,3.8421787,21631,2,1.460097,43158,16,0.52792,,,,,,,6259,27,7.1991016,,,,2524,282,27.5511969,99,9745,962.3947106,,,,,,,,,,15885,18,2.8286609,12367,111,4.1050996,17832,3,2.5923481,13885,17,4.0508047,17475,2,2.1491511,,,,44854,3,0.4487536,46220,13,0.4509469,,,,,,,1413,81,73.7749936
940,クリック,クリック,名詞-普通名詞-サ変可能,click,外,10084,96.3939053,568,4378,153.8812539,2262,200,45.202102,17976,3,2.1901455,2919,814,26.8579277,,,,3871,18,19.4607218,7200,21,5.5993012,12980,13,3.4781045,536,1582,154.5602604,298,3055,301.7050632,,,,,,,,,,518,1062,166.8909952,560,4214,155.8458523,2422,47,40.6134532,2167,198,47.1799608,22856,1,1.0745755,17112,2,2.2799766,3117,167,24.9806176,2890,780,27.0568111,,,,,,,2447,44,40.0753051
949,グループ,グループ,名詞-普通名詞-一般,group,外,10000,95.5909414,790,3223,113.2844407,850,494,111.6491919,414,320,233.6155214,917,2728,90.0103522,910,613,125.5917976,718,135,145.9554133,521,861,229.5713495,1648,181,48.4259169,1444,551,53.8323031,1291,723,71.4018857,,,,,,,1902,171,33.5133845,753,751,118.0180201,791,3056,113.0196783,824,134,115.7915476,852,466,111.0397057,396,232,249.3015259,467,187,213.1778085,1006,559,83.6177559,918,2586,89.7037352,987,116,111.3715114,915,588,124.779196,976,115,104.7422748
955,エネルギー,エネルギー,名詞-普通名詞-一般,energy,外,9930,94.9218048,816,3125,109.8398626,1659,267,60.3448062,1211,129,94.1762571,1040,2425,80.012868,469,1405,287.8572195,126,688,743.8320323,1208,307,81.856451,1324,226,60.4655095,2727,256,25.0110156,2473,351,34.663986,,,,538,211,195.5363953,833,540,105.8317405,741,763,119.9037941,819,2944,108.8775959,1641,71,61.3522379,1601,261,62.1917665,1385,76,81.6677412,1129,87,99.1789804,1138,496,74.1939301,1033,2319,80.4419806,495,285,273.6282822,460,1374,291.5758764,1022,111,101.0990652
992,タイプ,タイプ,名詞-普通名詞-一般,type,外,9514,90.9452217,888,2884,101.3690124,307,1221,275.9588326,2022,74,54.0235893,1106,2298,75.8225034,3435,76,15.5709243,4038,17,18.3795706,4034,56,14.9314699,1176,256,68.4919046,515,1665,162.6693006,1000,933,92.1410226,10039,1,4.4806682,,,,5239,33,6.4674953,864,660,103.7175676,893,2720,100.593431,355,283,244.5448355,301,1176,280.2203733,1872,55,59.1016548,1761,55,62.6993555,1093,517,77.3352053,1112,2179,75.5856299,4185,11,10.5610916,3399,75,15.9157138,1425,80,72.8641912
1008,ドル,ドル,名詞-普通名詞-助数詞可能,dollar,外,9411,89.960635,1433,1815,63.7949922,1650,268,60.5708167,626,235,171.5613985,1013,2490,82.1575429,273,2419,495.606131,2914,27,29.1910827,18532,3,0.7999002,836,355,94.9790083,2673,262,25.5972113,749,1198,118.3118382,10039,1,4.4806682,,,,1194,338,66.2428301,1536,386,60.6590623,1406,1753,64.8309869,1857,63,54.4393097,1699,249,59.332375,554,177,190.1998711,814,122,139.0785703,1074,526,78.6814662,997,2388,82.8354678,234,611,586.6206331,275,2287,485.3231654,985,114,103.8314724
1019,ドイツ,ドイツ,名詞-固有名詞-地名-国,Duits,固,9324,89.1289938,784,3263,114.690391,1411,315,71.1933106,1012,155,113.1575182,657,3737,123.3023043,1523,287,58.8007274,473,201,217.3113932,3920,59,15.7313701,810,364,97.3869268,2355,309,30.1890774,1850,494,48.7863506,2312,9,40.3260134,,,,2253,131,25.6739963,814,698,109.6891852,781,3116,115.2386511,1579,74,63.944586,1400,299,71.2465065,873,122,131.0982162,1188,83,94.6190273,639,845,126.3989333,671,3507,121.6515852,1518,63,60.4862519,1507,280,59.4186648,1943,57,51.9157362
1022,アップ,アップ,名詞-普通名詞-サ変可能,up,外,9303,88.9282528,1277,2050,72.0549499,257,1402,316.8667349,1367,114,83.2255295,2261,1108,36.5584568,2145,174,35.6492215,3408,22,23.7853266,1147,332,88.5222858,2744,103,27.5572897,808,1018,99.4578667,325,2788,275.336732,,,,,,,1760,192,37.6290633,1238,475,74.6452191,1283,1941,71.7837682,244,388,335.2770183,260,1320,314.5330721,1501,70,75.220288,1247,79,90.0590742,2494,220,32.908598,2259,1052,36.4920067,1923,44,42.2443664,2130,170,36.0756179,1022,111,101.0990652
1036,イメージ,イメージ,名詞-普通名詞-サ変可能,image,外,9181,87.7620433,828,3060,107.5551935,392,982,221.9423208,1222,128,93.4462086,947,2652,87.5027324,3049,95,19.4636554,1489,64,69.1936774,2276,137,36.5287745,2066,144,38.5266963,978,833,81.3835,912,1004,99.152826,3715,5,22.4033408,,,,3110,77,15.0908223,810,700,110.0034808,824,2922,108.0639725,420,245,211.7084265,393,929,221.3645636,1182,91,97.7863744,1095,90,102.5989453,848,655,97.9778714,952,2492,86.4430426,2450,29,27.8428778,3003,94,19.9476946,1295,88,80.1506103
1055,センチメートル,センチメートル,名詞-普通名詞-助数詞可能,,外,9060,86.6053929,1223,2136,75.0777429,200,1756,396.8744555,27838,1,0.7300485,1211,2129,70.2463489,2309,151,30.9369681,156,562,607.6069799,1035,381,101.5873219,2354,123,32.9082198,877,934,91.2511272,1068,881,87.0056172,,,,3074,4,3.7068511,17137,2,0.3919694,931,615,96.6459153,1248,1990,73.5959293,198,467,403.5421844,197,1695,403.8890585,22856,1,1.0745755,,,,1188,477,71.3518239,1254,1955,67.8154688,2405,30,28.8029771,2277,149,31.619218,2845,37,33.6996884
1073,スポーツ,スポーツ,名詞-普通名詞-サ変可能,sport,外,8926,85.3244743,1771,1474,51.8092664,407,958,216.5180685,513,275,200.7633387,1495,1704,56.2234751,724,818,167.5923171,1039,94,101.6282137,283,1681,448.21073,1763,168,44.9478124,1171,680,66.4355102,1167,806,79.5987826,10039,1,4.4806682,893,96,88.9644263,1902,171,33.5133845,1794,327,51.3873403,1797,1372,50.74051,366,276,238.4960233,416,886,211.1184105,685,151,162.2609069,473,185,210.897832,1392,405,60.5817373,1521,1599,55.4664627,603,216,207.3814349,718,795,168.706566,1092,104,94.7234485
1082,パソコン,パソコン,名詞-普通名詞-一般,personal computer,外,8844,84.5406286,1621,1621,56.9761335,705,579,130.8600853,1731,88,64.2442684,2076,1221,40.2868915,2376,145,29.7076846,3734,19,20.541873,648,680,181.3107058,3905,67,17.9256157,257,3437,335.7924242,954,971,95.8938188,,,,,,,7662,16,3.1357553,1435,413,64.9020537,1623,1531,56.6207878,716,151,130.48152,713,543,129.3874683,1575,66,70.9219858,2209,43,49.0194961,2362,233,34.853197,2106,1140,39.54457,2143,37,35.5236717,2459,132,28.0116562,855,132,120.2259154
1097,モデル,モデル,名詞-普通名詞-一般,model,外,8650,82.6861643,724,3504,123.1612412,296,1268,286.5813266,2022,74,54.0235893,1649,1559,51.4392005,1031,518,106.1281422,1229,78,84.3297944,2614,111,29.5963064,3620,73,19.5308947,1527,521,50.9013247,1260,738,72.8832526,10039,1,4.4806682,,,,1686,205,40.1768644,779,731,114.8750635,725,3336,123.3748845,261,371,320.5870459,306,1164,277.3609817,1787,58,62.3253815,2156,44,50.1594844,1735,331,49.5124816,1642,1485,51.5120057,1030,109,104.6508167,1029,501,106.316968,691,164,149.3715919
1107,レベル,レベル,名詞-普通名詞-一般,level,外,8603,82.2368869,846,2996,105.3056731,942,451,101.93074,1428,109,79.575287,1399,1810,59.7209448,877,648,132.762618,4398,15,16.2172681,3377,75,19.9975043,2144,139,37.1889638,700,1178,115.0897514,1134,825,81.4751807,,,,,,,1124,357,69.9665395,819,695,109.2177417,843,2862,105.8449998,1134,102,88.1398347,915,437,104.1295095,1358,78,83.8168923,1464,66,75.2392265,1568,364,54.4487713,1387,1749,60.6696956,854,142,136.3340915,876,626,132.8431576,1074,106,96.5450533
1130,キョウト,キョウト,名詞-固有名詞-地名-一般,,固,8495,81.2045047,1327,1980,69.594537,758,542,122.4976964,236,529,386.1956588,965,2610,86.1169425,1954,199,40.7712361,959,102,110.2774234,1198,310,82.6563512,1088,276,73.8428346,1538,514,50.2174297,720,1240,122.4596656,,,,3331,3,2.7801383,1769,190,37.2370939,1133,515,80.9311323,1385,1788,66.1253877,703,154,133.0738681,761,510,121.5241415,239,347,372.8777133,250,318,362.5162733,935,596,89.1523837,983,2424,84.0842437,2071,39,37.4438702,1956,192,40.7442273,937,120,109.2962867
1132,カード,カード,名詞-普通名詞-一般,card,外,8494,81.1949457,1377,1903,66.8880827,670,603,136.2843375,1305,119,86.875772,1670,1535,50.6473206,2506,133,27.2491176,1021,96,103.7905161,856,481,128.250661,1462,205,54.847033,396,2183,213.2775275,753,1195,118.0155648,6922,2,8.9613363,,,,4774,39,7.6434035,1408,419,65.8449407,1346,1842,68.1224632,801,138,119.2480117,653,583,138.9187735,1168,92,98.8609499,1231,80,91.1990625,1440,393,58.7867228,1688,1449,50.2632298,2353,31,29.7630763,2507,128,27.1628182,876,129,117.4935083
1137,チーム,チーム,名詞-普通名詞-一般,team,外,8470,80.9655274,1227,2130,74.8668504,396,973,219.9082262,269,460,335.822312,1851,1375,45.3681211,2762,113,23.1515059,2068,43,46.489502,654,666,177.5778383,1908,157,42.0048009,1158,688,67.2171044,493,1799,177.6652729,6922,2,8.9613363,3331,3,2.7801383,3633,61,11.955067,1294,457,71.8165582,1230,2010,74.3355869,333,297,256.6424599,398,922,219.6965852,276,309,332.0438427,253,315,359.0963085,2128,265,39.6399022,1849,1312,45.5109438,2015,41,39.3640687,2783,108,22.9186278,944,119,108.3854844
1144,バス,バス,名詞-普通名詞-一般,bus,外,8439,80.6691955,1571,1668,58.6281251,1135,381,86.1100043,1083,145,105.8570331,1280,2008,66.2539542,1218,402,82.3619945,1750,53,57.3010141,523,855,227.9715492,1962,152,40.6670683,957,853,83.3374856,497,1773,175.0975702,681,35,156.8233855,,,,2457,114,22.3422563,1399,421,66.1592363,1620,1533,56.6947536,978,115,99.3733431,1158,354,84.3520511,1106,96,103.1592521,1069,93,106.0189101,1246,459,68.6593022,1290,1899,65.8729285,1547,61,58.5660534,1199,397,84.2471783,1147,99,90.1694366
1146,アジア,アジア,名詞-固有名詞-地名-一般,Asia,固,8438,80.6596364,1353,1932,67.9073967,1010,425,96.0544667,439,307,224.1248909,1025,2470,81.4976429,431,1548,317.155143,311,297,321.1019093,4080,55,14.6648365,1624,184,49.2285564,2156,342,33.4131536,1808,506,49.9714442,3232,6,26.8840089,,,,1103,366,71.7304019,1267,467,73.3880365,1389,1785,66.0144391,879,126,108.8786193,1029,394,93.8833564,475,197,211.6913819,436,198,225.7176796,942,589,88.105292,1021,2348,81.447939,460,304,291.8701677,431,1492,316.6165994,574,194,176.6956636
1175,ソフト,ソフト,名詞-普通名詞-形状詞可能,soft,外,8199,78.3750129,1773,1473,51.7741176,615,647,146.2287999,1856,81,59.1339289,2309,1079,35.6016019,1633,260,53.2689517,797,122,131.9004476,1898,173,46.1275766,5629,42,11.2369531,273,3181,310.7814086,866,1050,103.6956846,10039,1,4.4806682,,,,2820,90,17.6386234,1779,330,51.8587838,1768,1402,51.8499964,674,159,137.3944482,628,604,143.9227087,1909,54,58.0270793,2035,47,53.5794492,2399,229,34.2548588,2318,1020,35.3819837,1547,61,58.5660534,1659,245,51.9913317,881,128,116.5827059
1184,イギリス,イギリス,名詞-固有名詞-地名-国,Inglez,固,8149,77.8970582,1007,2547,89.5238816,1717,259,58.5367221,3278,41,29.9319887,698,3579,118.0890947,1341,354,72.5277265,346,273,295.1542803,6392,26,6.9324682,1383,218,58.3251375,2566,276,26.9650012,2480,350,34.5652282,6922,2,8.9613363,,,,1592,224,43.9005738,1074,541,85.0169759,1007,2423,89.6095159,1561,75,64.808702,1762,240,57.1878313,3534,25,26.8643886,2943,30,34.1996484,751,735,109.9446343,694,3394,117.7318164,1294,78,74.8877404,1340,341,72.3634453,2273,48,43.7185147
1190,ファイル,ファイル,名詞-普通名詞-サ変可能,file,外,8107,77.4955762,639,3946,138.6969913,846,495,111.8752024,6637,16,11.6807761,2551,961,31.7081922,6024,25,5.1220146,1123,86,92.979004,8381,16,4.2661343,2782,101,27.0221967,405,2130,208.0994657,3473,234,23.109324,,,,1434,38,35.2150854,3709,59,11.5630976,618,925,145.3617425,638,3760,139.0556252,1089,106,91.5962988,809,482,114.8522278,5516,14,15.0440576,9476,6,6.8399297,2981,177,26.4764629,2558,907,31.4622149,8692,2,1.9201985,5931,25,5.3052379,2184,50,45.5401195
1193,エド,エド,名詞-固有名詞-地名-一般,,固,8100,77.4286626,1001,2564,90.1214105,1528,290,65.5430479,2095,71,51.8334438,641,3824,126.172869,11076,6,1.2292835,662,145,156.7669254,1570,222,59.1926128,976,308,82.4043227,2659,264,25.7926098,2321,375,37.0341731,6922,2,8.9613363,,,,5634,29,5.6835564,928,616,96.8030631,1037,2363,87.3905432,1328,88,76.0422103,1527,273,65.0511581,2176,46,49.430475,2238,42,47.8795078,570,947,141.656556,657,3550,123.1431786,,,,10881,6,1.2732571,1338,86,78.3290055
1212,キロ,キロ,名詞-普通名詞-助数詞可能,kilo,外,7964,76.1286258,1928,1334,46.8884406,1219,356,80.4597415,234,536,391.3059984,1361,1882,62.0965846,1409,321,65.7666672,6629,8,8.6492097,2025,160,42.6613425,1267,236,63.1409745,751,1101,107.5669069,533,1651,163.0491193,4389,4,17.9226726,,,,1076,375,73.4942642,1688,348,54.6874448,1971,1235,45.6738556,1063,108,93.3245309,1276,325,77.4418549,264,316,339.5658715,184,391,445.7354178,1402,403,60.2825682,1379,1759,61.0165778,1229,84,80.6483358,1402,313,66.4215788,809,141,128.4231369
1220,ケース,ケース,名詞-普通名詞-一般,case,外,7927,75.7749393,1020,2519,88.5397165,678,598,135.1542849,1267,123,89.795966,1109,2296,75.7565134,2106,180,36.878505,2359,36,38.9214436,3155,83,22.1305714,1454,207,55.382126,1012,793,77.4755288,1932,469,46.3174058,4389,4,17.9226726,,,,733,619,121.3145321,967,593,93.188663,1018,2399,88.7219268,716,151,130.48152,673,569,135.5828167,1349,79,84.8914679,1129,87,99.1789804,1055,534,79.8781425,1116,2172,75.3428124,2143,37,35.5236717,2087,177,37.5610845,1102,103,93.8126461
1239,ドア,ドア,名詞-普通名詞-一般,door,外,7836,74.9050617,1094,2356,82.8104692,1453,305,68.9332055,2334,62,45.2630073,744,3346,110.4012604,5625,29,5.9415369,3185,24,25.947629,6006,29,7.7323683,464,629,168.2867499,1282,622,60.768952,2172,404,39.8981491,1505,15,67.2100224,,,,7899,15,2.9397706,1167,502,78.8882105,1094,2243,82.9525977,1301,90,77.7704424,1458,286,68.1488323,2176,46,49.430475,2518,36,41.0395781,853,652,97.5291178,737,3217,111.5920016,6053,5,4.8004962,5532,29,6.154076,1707,66,60.1129577
1242,サイト,サイト,名詞-普通名詞-一般,site,外,7790,74.4653434,2486,983,34.5512272,1262,346,78.1996364,4795,25,18.2512126,5537,361,11.911194,3309,82,16.8002078,4595,14,15.1361169,2304,135,35.9955078,40035,1,0.2675465,215,4156,406.0382063,526,1678,165.7155797,,,,,,,9888,9,1.7638623,2606,212,33.3153399,2487,934,34.542009,1150,101,87.2757187,1334,312,74.3441807,4558,18,19.3423598,8593,7,7.979918,6147,71,10.6205021,5459,349,12.1061885,3331,17,16.321687,3271,81,17.1889709,1245,91,82.8830175
1261,チェック,チェック,名詞-普通名詞-サ変可能,check,外,7679,73.4042839,1105,2330,81.8966016,403,966,218.3261526,2208,67,48.9132498,1996,1272,41.9696364,3271,84,17.209969,2686,30,32.4345363,1785,189,50.3937109,2425,119,31.8380338,617,1370,133.8480131,894,1014,100.140404,,,,,,,1528,238,46.6443597,1050,550,86.4313064,1096,2235,82.6567346,504,208,179.7361335,393,929,221.3645636,2221,45,48.3558994,2035,47,53.5794492,1775,322,48.1662207,2016,1194,41.4177339,2894,22,21.1221832,3223,83,17.6133899,1198,95,86.526227
1290,ファックス,ファックス,名詞-普通名詞-サ変可能,fax,外,7474,71.4446696,5703,340,11.9505771,3120,136,30.7374294,2042,73,53.2935408,6312,307,10.1294641,4127,54,11.0635515,17635,1,1.0811512,82,6130,1634.462686,5960,39,10.4343136,4014,150,14.6548919,3407,239,23.603113,,,,,,,12554,5,0.9799235,5850,74,11.6289394,5874,311,11.5016754,3627,30,25.9234808,3151,127,30.2618941,1872,55,59.1016548,2238,42,47.8795078,4750,98,14.6592846,6763,266,9.2270663,4379,10,9.6009924,4054,54,11.4593139,2961,35,31.8780836
1314,ワン,ワン,名詞-普通名詞-一般,one,外,7309,69.8674191,1308,2007,70.5435534,346,1122,253.5837922,1560,98,71.5447534,1912,1334,44.0153262,3720,66,13.5221185,6629,8,8.6492097,2294,136,36.2621412,2257,130,34.7810453,845,974,95.1590984,636,1390,137.2733348,5368,3,13.4420045,,,,4626,41,8.0353729,1401,420,66.0020885,1287,1937,71.6358367,360,281,242.8166035,339,1079,257.1069582,1619,64,68.7728347,1723,56,63.8393437,1775,322,48.1662207,1929,1258,43.6377799,2816,23,22.0822824,3974,56,11.883733,1400,82,74.6857959
1322,ヨーロッパ,ヨーロッパ,名詞-固有名詞-地名-一般,Europa,固,7265,69.4468189,1144,2268,79.7173787,1122,386,87.2400568,3824,34,24.8216492,824,3047,100.5357563,1625,264,54.088474,439,219,236.7721149,7607,19,5.0660344,821,359,96.0491943,3147,211,20.614548,3358,243,23.9981441,10039,1,4.4806682,,,,1642,214,41.9407268,1112,524,82.3454628,1141,2146,79.3652584,1005,113,97.645111,1134,360,85.7817469,3661,24,25.789813,3624,23,26.2197305,893,627,93.7895043,822,2911,100.9774065,1725,52,49.9251603,1602,261,55.3866839,2148,51,46.4509219
1323,ゲーム,ゲーム,名詞-普通名詞-一般,game,外,7263,69.4277008,1712,1527,53.6721505,978,439,99.2186139,1246,125,91.2560631,1773,1447,47.7437609,2649,120,24.58567,1465,65,70.2748286,1431,251,66.9249811,1946,153,40.9346148,589,1443,140.9800606,530,1666,164.5304862,10039,1,4.4806682,,,,5988,26,5.0956023,1646,358,56.2589231,1707,1456,53.8470719,766,144,124.4327078,1002,402,95.7896174,1431,74,79.5185902,1145,86,98.0389922,1631,351,52.5041723,1821,1333,46.2393964,7448,3,2.8802977,2599,120,25.465142,997,113,102.92067
1329,デザイン,デザイン,名詞-普通名詞-サ変可能,design,外,7211,68.9306279,1094,2356,82.8104692,218,1615,365.0069736,1671,91,66.4344139,1998,1271,41.9366414,1514,289,59.2104886,1052,93,100.5470625,1773,190,50.6603443,4846,51,13.6448716,1487,536,52.3668139,1362,686,67.7478473,,,,,,,5239,33,6.4674953,1131,518,81.4025758,1104,2226,82.3238887,205,442,381.9392838,218,1529,364.3341418,1667,62,66.6236836,1448,67,76.3792148,1846,308,46.0720372,2006,1200,41.6258632,1274,80,76.8079389,1539,273,57.9331981,929,121,110.2070891
1344,ボール,ボール,名詞-普通名詞-一般,ball,外,7084,67.7166229,1603,1635,57.4682161,509,771,174.2541032,1237,126,91.9861116,1182,2172,71.6651338,4900,39,7.9903427,1489,64,69.1936774,1596,218,58.1260792,1130,266,71.1673696,1075,743,72.5905648,887,1030,101.7205287,2854,7,31.3646771,,,,8397,13,2.5478012,1448,409,64.2734624,1590,1560,57.6932913,611,173,149.4920726,502,744,177.282277,1215,88,94.5626478,1188,83,94.6190273,1152,490,73.2964229,1160,2085,72.3249373,4885,8,7.6807939,4806,39,8.2761712,1563,73,66.4885744
1370,クラブ,クラブ,名詞-普通名詞-一般,club,外,6952,66.4548225,2052,1253,44.0413913,532,738,166.7957563,641,229,167.1811075,1479,1717,56.6524101,1727,240,49.17134,4206,16,17.2984194,486,956,254.9015216,2010,148,39.5968823,1644,479,46.797955,827,1100,108.6335743,10039,1,4.4806682,,,,3166,75,14.6988528,2174,263,41.3298792,2056,1186,43.8616945,490,212,183.1925976,528,699,166.5595586,786,134,143.9931227,551,164,186.9580781,1737,330,49.362897,1477,1633,56.6458622,1747,51,48.965061,1697,237,50.2936555,1008,112,102.0098676
1409,メーカー,メーカー,名詞-普通名詞-一般,maker,外,6709,64.1319626,1676,1558,54.7617619,708,577,130.4080642,1237,126,91.9861116,2297,1085,35.7995719,1267,381,78.0595022,4398,15,16.2172681,3804,62,16.5312702,2824,99,26.4871037,456,1901,185.7263306,1209,773,76.3397754,,,,,,,2245,132,25.869981,1628,364,57.20181,1687,1468,54.2908664,695,155,133.9379841,707,549,130.8171641,1245,86,92.4134967,1381,71,80.9391679,1998,282,42.1828393,2366,1001,34.7229076,1708,53,50.8852595,1256,375,79.5785689,1173,97,88.3478318
1420,グラム,グラム,名詞-普通名詞-助数詞可能,,外,6643,63.5010624,1216,2145,75.3940817,357,1070,241.8312456,3483,38,27.7418432,1704,1507,49.7234607,4702,42,8.6049845,238,391,422.730123,1666,206,54.9264785,4193,61,16.3203366,1617,491,47.9703463,1368,682,67.3528161,,,,3620,2,1.8534255,10399,8,1.5678776,1074,541,85.0169759,1201,2055,75.9998164,437,236,203.9313823,353,1031,245.6693919,3001,31,33.3118418,4369,18,20.5197891,1721,335,50.1108197,1774,1370,47.5228605,6661,4,3.8403969,4616,42,8.9127997,1354,85,77.4182031
1427,ファン,ファン,名詞-普通名詞-一般,fan（熱狂者）,外,6617,63.2525259,2774,873,30.684864,734,560,126.5658856,1067,147,107.3171302,2495,986,32.5330672,16289,2,0.4097612,6629,8,8.6492097,5270,36,9.5988021,2288,128,34.2459523,588,1445,141.1754591,370,2431,240.0801992,,,,,,,20501,1,0.1959847,2660,206,32.3724529,2803,816,30.1780293,631,166,143.4432604,759,513,122.2389894,1010,105,112.830432,1145,86,98.0389922,2399,229,34.2548588,2521,923,32.0172264,,,,16048,2,0.424419,1425,80,72.8641912
1451,インターネット,インターネット,名詞-普通名詞-一般,internet,外,6543,62.545153,1289,2036,71.5628673,1032,417,94.2463826,1691,90,65.7043654,2121,1191,39.2970416,1165,428,87.6888897,823,119,128.656994,1156,329,87.7223856,14372,11,2.9430115,582,1467,143.3248433,2321,375,37.0341731,,,,2657,7,6.4869894,3226,73,14.3068834,1085,535,84.0740889,1308,1904,70.4154017,1030,111,95.916879,1012,399,95.0747695,1650,63,67.6982592,1761,55,62.6993555,2037,278,41.5845011,2122,1129,39.1629996,1074,103,98.8902213,1150,424,89.9768352,438,243,221.3249807
1480,ネット,ネット,名詞-普通名詞-一般,net,外,6426,61.426739,2443,1008,35.4299461,996,431,97.4105298,1298,120,87.6058205,4106,532,17.5533385,3411,77,15.7758049,5781,10,10.8115121,1773,190,50.6603443,8251,25,6.6886626,385,2262,220.9957706,513,1730,170.8509851,10039,1,4.4806682,,,,4699,40,7.8393882,2363,238,37.4011835,2452,953,35.2446837,1269,92,79.4986744,1014,398,94.8364869,1215,88,94.5626478,1489,65,74.0992383,4126,117,17.5013908,4122,504,17.4828625,5591,6,5.7605954,3353,77,16.3401328,1276,89,81.0614127
1483,ガス,ガス,名詞-普通名詞-一般,gas,外,6416,61.331148,1639,1600,56.2380097,2252,201,45.4281125,1339,116,84.6856265,1655,1551,51.1752406,688,866,177.4265851,509,190,205.4187299,1234,298,79.4567505,1985,150,40.1319753,1359,592,57.8379736,2574,335,33.0838613,1183,20,89.6133631,538,211,195.5363953,1339,286,56.0516255,1277,463,72.7594452,1638,1517,56.1030275,1975,59,50.9828456,2312,184,43.844004,1273,84,90.2643456,1723,56,63.8393437,1730,332,49.6620661,1639,1489,51.6507586,795,157,150.73558,680,849,180.1658799,1440,79,71.9533888
1491,パン,パン,名詞-普通名詞-一般,pao,外,6370,60.8914297,1972,1304,45.8339779,1022,421,95.1504247,2234,66,48.1832013,1581,1631,53.8148403,6024,25,5.1220146,3614,20,21.6230242,2749,103,27.4632393,2112,141,37.7240568,1093,732,71.5158727,470,1890,186.6522322,1021,23,103.0553676,,,,8142,14,2.7437859,2138,268,42.1156184,1986,1226,45.3410097,806,137,118.3838956,1002,402,95.7896174,2266,44,47.2813239,2209,43,49.0194961,1644,348,52.0554187,1559,1564,54.252375,,,,5931,25,5.3052379,1763,64,58.2913529
1536,ライン,ライン,名詞-普通名詞-一般,line,外,6147,58.7597517,1453,1791,62.9514221,365,1056,238.6670985,1807,84,61.3240744,2105,1202,39.6599866,2345,148,30.3223263,4831,13,14.0549657,2614,111,29.5963064,2873,97,25.9520107,1124,708,69.17109,1174,800,79.0062359,,,,,,,2198,137,26.8499045,1359,435,68.3593059,1453,1700,62.8708944,426,243,209.9801945,361,1011,240.9037393,1732,60,64.4745326,1723,56,63.8393437,1946,291,43.5291001,2109,1137,39.4405054,2816,23,22.0822824,2310,146,30.9825895,1315,87,79.2398079
1540,コース,コース,名詞-普通名詞-一般,course,外,6137,58.6641608,1975,1302,45.7636804,606,652,147.3588525,1117,140,102.2067906,2146,1172,38.6701366,2664,119,24.3807894,2359,36,38.9214436,434,1071,285.5643616,2425,119,31.8380338,2324,313,30.5798745,762,1187,117.2255025,6922,2,8.9613363,,,,6245,24,4.7036329,1741,338,53.1159665,2032,1201,44.4164377,563,187,161.589697,611,615,146.5438177,1273,84,90.2643456,1002,99,112.8588398,2105,268,40.0886558,2179,1098,38.0876648,2143,37,35.5236717,2673,114,24.1918849,1830,61,55.5589458
1559,タバコ,タバコ,名詞-普通名詞-一般,tabaco,外,6078,58.1001742,1797,1452,51.0359938,3614,115,25.9912086,3028,45,32.8521827,1297,1985,65.4950693,3842,62,12.7025962,4595,14,15.1361169,1443,249,66.3917143,976,308,82.4043227,999,808,78.941018,1947,463,45.724859,617,39,174.7460581,271,509,471.6968018,5634,29,5.6835564,1701,346,54.3731491,1782,1390,51.4062019,3275,34,29.3799449,3478,114,27.1642199,3001,31,33.3118418,4026,20,22.7997656,1346,417,62.3767517,1290,1899,65.8729285,3995,12,11.5211908,3898,58,12.308152,3830,25,22.7700597
1567,カメラ,カメラ,名詞-普通名詞-一般,camera,外,6051,57.8420787,1942,1322,46.4666555,393,979,221.2642892,1671,91,66.4344139,1648,1560,51.4721955,3970,58,11.8830738,2152,41,44.3271996,2472,121,32.2626403,1705,174,46.5530914,1328,604,59.0103649,834,1089,107.5472386,4389,4,17.9226726,,,,10399,8,1.5678776,1994,289,45.4157228,1934,1261,46.6354105,383,266,229.8548631,405,905,215.6457805,1517,69,74.1457124,1514,64,72.95925,1640,349,52.2050032,1636,1493,51.7895115,4885,8,7.6807939,3941,57,12.0959425,1147,99,90.1694366
1574,テーマ,テーマ,名詞-普通名詞-一般,theme,外,6037,57.7082513,1815,1428,50.1924236,719,570,128.8259907,606,241,175.9416896,1731,1483,48.9315807,1752,235,48.1469371,585,165,178.3899496,559,784,209.0405784,2762,102,27.2897432,2927,235,22.9593307,1437,651,64.2913244,,,,,,,2146,143,28.0258128,1709,345,54.2160013,1815,1354,50.0748182,604,175,151.2203047,735,526,125.3366636,640,158,169.7829357,647,147,167.5782773,1592,360,53.8504331,1754,1392,48.2860013,1870,46,44.1645648,1742,229,48.5959794,1008,112,102.0098676
1585,テーブル,テーブル,名詞-普通名詞-一般,table,外,5989,57.2494148,1228,2129,74.8317016,1073,400,90.404204,5662,20,14.6009701,1058,2379,78.4950982,7733,14,2.8683282,3614,20,21.6230242,5092,38,10.1320689,805,366,97.9220198,3206,206,20.1260516,2234,395,39.009329,2149,10,44.8066816,,,,8718,12,2.3518165,1364,433,68.0450103,1211,2042,75.519039,1328,88,76.0422103,1051,387,92.215378,8020,8,8.5966043,5291,14,15.9598359,1173,483,72.2493311,1052,2276,78.9503872,10918,1,0.9600992,7626,14,2.9709332,2312,47,42.8077123
1587,ベッド,ベッド,名詞-普通名詞-一般,bed,外,5985,57.2111784,1256,2074,72.89852,1693,263,59.4407641,5109,23,16.7911156,1028,2460,81.1676929,5049,37,7.5805816,8628,5,5.405756,4034,56,14.9314699,757,385,103.0054034,2573,275,26.8673019,2312,377,37.2316887,1418,16,71.6906905,,,,8142,14,2.7437859,1341,442,69.4593407,1263,1962,72.5604087,3003,37,31.972293,1601,261,62.1917665,5011,16,17.1932087,5291,14,15.9598359,973,571,85.4127703,1023,2345,81.3438743,4185,11,10.5610916,5011,36,7.6395426,2493,43,39.1645028
1598,プロ,プロ,名詞-普通名詞-一般,pro,外,5937,56.7523419,1920,1344,47.2399281,418,937,211.7718478,465,293,213.9042118,2136,1179,38.9011016,7733,14,2.8683282,11222,3,3.2434536,2144,148,39.4617418,1631,183,48.9610099,898,913,89.1994423,1062,889,87.7956796,10039,1,4.4806682,,,,5239,33,6.4674953,1803,325,51.0730447,1979,1229,45.4519583,348,287,248.0012996,429,869,207.0676058,495,192,206.3185042,516,173,197.2179726,2134,264,39.4903176,2164,1107,38.3998588,6053,5,4.8004962,7626,14,2.9709332,1183,96,87.4370294
1607,トップ,トップ,名詞-普通名詞-一般,top,外,5915,56.5420419,1949,1319,46.3612092,297,1266,286.1293056,612,240,175.2116411,2355,1057,34.875712,4168,53,10.8586709,4206,16,17.2984194,3202,81,21.5973047,2683,106,28.3599292,1233,647,63.2114339,855,1064,105.0782937,,,,,,,3467,66,12.9349905,1922,301,47.3014968,1934,1261,46.6354105,294,322,278.2453606,291,1216,289.7516785,711,147,157.9626048,542,166,189.2380546,2266,244,36.4986269,2349,1006,34.8963487,4885,8,7.6807939,4271,49,10.3982663,1053,108,98.3666581
1618,イン,イン,名詞-普通名詞-一般,in,外,5859,56.0067326,1525,1713,60.2098191,777,530,119.7855703,2441,59,43.0728618,2304,1082,35.7005869,3360,80,16.3904467,13548,2,2.1623024,1253,293,78.1235835,4144,62,16.5878831,1069,749,73.1767605,706,1275,125.9161884,,,,,,,8142,14,2.7437859,1676,351,55.1588882,1513,1638,60.5779559,861,129,111.4709674,779,496,118.1881847,2509,39,41.9084462,2772,32,36.479625,2111,267,39.9390712,2310,1027,35.6248013,2969,21,20.162084,3353,77,16.3401328,2781,38,34.6104908
1625,ボタン,ボタン,名詞-普通名詞-一般,button,外,5825,55.6817234,901,2832,99.5412771,1153,376,84.9799517,9080,10,7.300485,2117,1194,39.3960266,5812,27,5.5317757,3185,24,25.947629,5656,32,8.5322685,2406,120,32.1055803,1026,782,76.4008367,2224,396,39.1080868,2149,10,44.8066816,,,,6537,22,4.3116635,862,661,103.8747155,884,2744,101.4810201,1150,101,87.2757187,1125,363,86.4965948,8733,7,7.5220288,9476,6,6.8399297,2308,239,35.7507042,2084,1156,40.0995816,6661,4,3.8403969,5931,25,5.3052379,5331,16,14.5728382
1629,コンピューター,コンピューター,名詞-普通名詞-一般,computer,外,5816,55.5956915,1369,1908,67.0638265,1797,248,56.0506065,2546,56,40.8827162,1348,1901,62.7234896,958,568,116.3721713,443,216,233.5286613,4662,44,11.7318692,1484,201,53.776847,1838,416,40.6429003,5164,139,13.7273335,,,,,,,2390,119,23.3221798,1388,425,66.7878276,1372,1802,66.643148,1579,74,63.944586,1804,235,55.9964181,2362,42,45.1321728,3113,28,31.9196719,1375,409,61.1800754,1361,1789,62.0572244,910,131,125.7729999,961,549,116.5030248,2100,52,47.3617243
1694,ザ,ザ,名詞-普通名詞-一般,the,外,5582,53.3588635,1580,1660,58.346935,603,656,148.2628945,2334,62,45.2630073,2048,1238,40.8478065,3411,77,15.7758049,17635,1,1.0811512,3622,67,17.8644372,3232,84,22.4739062,1547,511,49.9243319,742,1205,119.0031428,5368,3,13.4420045,,,,7239,18,3.5277247,1758,335,52.644523,1572,1581,58.4699318,678,158,136.5303322,619,610,145.3524045,2362,42,45.1321728,2581,35,39.8995898,1940,292,43.6786846,2060,1171,40.6199048,3132,19,18.2418855,3450,73,15.4912947,2148,51,46.4509219
1715,バランス,バランス,名詞-普通名詞-サ変可能,balance,外,5518,52.7470815,1535,1704,59.8934803,586,673,152.1050732,2508,57,41.6127648,2031,1250,41.2437464,1783,228,46.712773,2267,38,41.083746,1553,226,60.2591463,2425,119,31.8380338,1608,493,48.1657449,2067,428,42.2683362,6922,2,8.9613363,,,,1294,300,58.7954114,1477,401,63.0162797,1530,1624,60.0601956,879,126,108.8786193,577,650,154.8837097,2362,42,45.1321728,2473,37,42.1795664,1966,287,42.930762,2029,1188,41.2096046,2143,37,35.5236717,1769,223,47.3227223,2046,54,49.183329
1717,オキナワ,オキナワ,名詞-固有名詞-地名-一般,,固,5511,52.6801678,1987,1294,45.4824903,1858,241,54.4685329,317,405,295.6696443,1912,1334,44.0153262,1502,290,59.4153692,2750,29,31.3533851,2134,149,39.7283752,3446,78,20.8686272,1897,402,39.2751104,1618,573,56.5882164,3232,6,26.8840089,1238,53,49.115777,704,657,128.7619509,1517,390,61.2876536,2020,1206,44.6013521,1472,80,69.1292821,1976,216,51.4690482,352,258,277.24049,298,267,304.376871,1527,373,55.7950321,1940,1247,43.2562095,1775,50,48.0049618,1507,280,59.4186648,1606,71,64.6669697
1756,ママ,ママ,名詞-普通名詞-一般,mama,外,5392,51.5426356,2823,852,29.9467401,1061,405,91.5342565,8110,12,8.7605821,1703,1508,49.7564557,16289,2,0.4097612,13548,2,2.1623024,1612,214,57.0595456,947,316,84.5446947,1187,672,65.6539159,628,1402,138.4584284,3232,6,26.8840089,,,,20501,1,0.1959847,2363,238,37.4011835,2871,790,29.2164744,1328,88,76.0422103,1051,387,92.215378,8733,7,7.5220288,9476,6,6.8399297,1527,373,55.7950321,1741,1401,48.5981953,,,,16048,2,0.424419,2961,35,31.8780836
1774,タイム,タイム,名詞-普通名詞-一般,time,外,5334,50.9882082,1826,1421,49.9463823,919,459,103.7388241,1712,89,64.9743169,2539,967,31.9061622,1518,288,59.005608,5781,10,10.8115121,1883,175,46.6608434,2217,133,35.5836848,1465,544,53.1484081,765,1183,116.8304713,,,,,,,3502,65,12.7390058,1824,320,50.2873055,1827,1347,49.8159381,773,143,123.5685918,938,428,101.9849658,1787,58,62.3253815,1723,56,63.8393437,2437,226,33.8061052,2576,901,31.2540856,1798,49,47.0448626,1488,285,60.4797123,1606,71,64.6669697
1780,クラス,クラス,名詞-普通名詞-一般,class,外,5319,50.8448217,1629,1614,56.7300922,736,556,125.6618435,3093,44,32.1221342,2156,1166,38.4721667,4332,49,10.0391486,1264,76,82.1674919,1796,187,49.8604441,1462,205,54.847033,1374,586,57.2517779,1233,756,74.6608929,10039,1,4.4806682,,,,3057,79,15.4827917,1550,382,60.030471,1650,1504,55.6222501,722,150,129.617404,742,521,124.1452504,3164,29,31.1626907,2855,31,35.3396367,2062,274,40.986163,2179,1098,38.0876648,5208,7,6.7206947,4271,49,10.3982663,1973,56,51.0049338
1793,ネットワーク,ネットワーク,名詞-普通名詞-一般,network,外,5281,50.4815762,1388,1887,66.3257026,1392,318,71.8713422,1948,77,56.2137348,2351,1061,35.007692,613,1000,204.8805833,1718,54,58.3821653,1657,207,55.1931119,4242,60,16.0527901,2673,262,25.5972113,5246,136,13.4310601,,,,1066,68,63.0164686,2086,151,29.5936904,1297,455,71.5022625,1393,1778,65.7555589,1197,97,83.8192546,1423,295,70.293376,1983,52,55.8779282,1888,51,58.1394023,2739,196,29.3185691,2335,1014,35.1738544,711,181,173.7779617,609,977,207.3286981,788,145,132.0663465
1795,メンバー,メンバー,名詞-普通名詞-一般,member,外,5278,50.4528989,1803,1437,50.5087624,1521,291,65.7690584,774,202,147.4697979,2067,1225,40.4188715,3660,68,13.9318797,6629,8,8.6492097,1835,181,48.2606437,1393,216,57.7900445,2069,360,35.1717407,737,1210,119.4969317,10039,1,4.4806682,,,,3057,79,15.4827917,2087,274,43.0585054,1791,1378,50.9624073,1197,97,83.8192546,1541,271,64.5745928,745,141,151.5151515,752,130,148.1984765,1985,284,42.4820083,2077,1162,40.3077109,4379,10,9.6009924,3598,68,14.4302472,1581,72,65.577772
1803,ビル,ビル,名詞-普通名詞-一般,building,外,5260,50.2808352,1980,1298,45.6230853,870,483,109.1630763,596,245,178.8618836,1525,1677,55.3326102,2387,144,29.502804,3501,21,22.7041754,1745,194,51.7268778,1193,252,67.4217186,2659,264,25.7926098,1510,622,61.4273484,3715,5,22.4033408,,,,3896,55,10.7791588,1880,310,48.7158272,2024,1205,44.5643692,920,122,105.4221552,903,441,105.08264,574,172,184.8269933,565,162,184.6781015,1651,346,51.7562496,1549,1572,54.5298808,1989,42,40.3241679,2436,134,28.4360753,985,114,103.8314724
1804,プログラム,プログラム,名詞-普通名詞-サ変可能,program,外,5252,50.2043624,1229,2124,74.6559578,1797,248,56.0506065,2477,58,42.3428133,2149,1170,38.6041466,1585,275,56.3421604,3871,18,19.4607218,1570,222,59.1926128,3446,78,20.8686272,1313,610,59.5965606,3186,259,25.5782689,,,,1730,25,23.1678193,1957,165,32.3374763,1194,493,77.4738801,1222,2026,74.9273129,1692,69,59.6240058,1755,241,57.4261139,2727,35,37.610144,2428,38,43.3195547,2314,238,35.6011197,2136,1123,38.9548703,1670,55,52.805458,1568,268,56.8721506,1650,69,62.8453649
1805,メニュー,メニュー,名詞-普通名詞-一般,menu,外,5251,50.1948033,1197,2172,76.3430981,758,542,122.4976964,2732,51,37.2324737,3147,746,24.6142679,6118,24,4.917134,4595,14,15.1361169,2398,127,33.8624406,5824,40,10.7018601,1345,596,58.2287707,1008,924,91.2522024,,,,,,,7899,15,2.9397706,1236,476,74.802367,1194,2064,76.3326623,730,149,128.753288,786,492,117.2350541,2454,40,42.9830217,3753,22,25.0797422,2537,216,32.3102599,3145,707,24.5245711,4885,8,7.6807939,6025,24,5.0930284,2727,39,35.5212932
1817,ガラス,ガラス,名詞-普通名詞-一般,glas,外,5222,49.9175896,1777,1469,51.6335226,1228,354,80.0077205,2912,47,34.3122797,1278,2012,66.3859342,2736,114,23.3563865,655,147,158.9292278,2763,102,27.1966059,1369,221,59.127777,2362,308,30.0913781,2435,356,35.157775,453,54,241.9560805,,,,4853,38,7.4474188,1550,382,60.030471,1792,1377,50.9254244,1445,82,70.8575142,1258,328,78.1567028,2613,37,39.7592951,3298,26,29.6396953,1242,460,68.8088868,1288,1903,66.0116814,2759,24,23.0423817,2673,114,24.1918849,3023,34,30.9672812
1818,ホッカイドウ,ホッカイドウ,名詞-固有名詞-地名-一般,,固,5219,49.8889123,2330,1068,37.5388714,1650,268,60.5708167,733,211,154.0402344,2296,1086,35.8325669,1151,442,90.5572178,1883,49,52.9764093,1816,184,49.0605439,2659,107,28.6274757,1368,589,57.5448757,1114,840,82.9565477,,,,1494,35,32.4349471,1185,340,66.6347996,2390,235,36.92974,2357,998,36.9089133,1641,71,61.3522379,1672,253,60.2855055,736,143,153.6643026,723,135,153.8984179,2259,245,36.6482114,2322,1019,35.3472955,1181,90,86.4089312,1146,426,90.4012542,1400,82,74.6857959
1822,セット,セット,名詞-普通名詞-サ変可能,set,外,5216,49.8602351,2162,1172,41.1943421,480,817,184.6505866,1428,109,79.575287,2929,809,26.6929527,6024,25,5.1220146,5427,11,11.8926633,2251,139,37.0620413,3090,89,23.8116387,1415,563,55.0046945,620,1417,139.9397953,3715,5,22.4033408,,,,3673,60,11.7590823,2021,284,44.6299836,2202,1092,40.3853039,547,192,165.9102771,466,797,189.9112564,1431,74,79.5185902,1329,74,84.3591328,2419,227,33.9556898,2992,754,26.1549174,5208,7,6.7206947,5931,25,5.3052379,1517,75,68.3101792
1836,ロシア,ロシア,名詞-固有名詞-地名-国,Rossiya,固,5171,49.4300758,1633,1611,56.624646,2490,177,40.0038603,580,249,181.7820776,1243,2074,68.4316241,2169,170,34.8296992,804,121,130.8192964,6841,23,6.132568,1962,152,40.6670683,3847,160,15.6318847,2267,388,38.3180244,4389,4,17.9226726,4150,1,0.9267128,4626,41,8.0353729,1495,396,62.2305406,1634,1522,56.2879419,2471,46,39.7493372,2528,165,39.316634,554,177,190.1998711,629,151,172.1382304,1327,426,63.7230125,1235,1983,68.7867389,1893,45,43.2044656,2173,164,34.8023608,1497,76,69.2209816
1837,ヤフー,ヤフー,名詞-固有名詞-一般,,固,5161,49.3344849,12267,118,4.1475532,19529,10,2.2601051,8550,11,8.0305335,28737,35,1.1548249,,,,,,,14955,5,1.333167,22449,5,1.3377325,231,3799,371.1595634,771,1176,116.1391667,,,,,,,17137,2,0.3919694,10954,31,4.8715827,12932,104,3.8462194,21703,2,1.7282321,18895,10,2.3828263,6952,10,10.7457554,14085,3,3.4199648,44854,3,0.4487536,29387,32,1.110023,,,,,,,2400,45,40.9861075
1860,スタート,スタート,名詞-普通名詞-サ変可能,start,外,5086,48.6175528,2272,1104,38.8042267,740,553,124.983812,805,194,141.6294099,2788,858,28.3097075,5625,29,5.9415369,7149,7,7.5680585,1085,357,95.1881205,3064,90,24.0791852,1421,562,54.9069952,793,1137,112.2876127,,,,,,,1741,195,38.2170174,2073,276,43.372801,2308,1026,37.9444339,684,157,135.6662162,755,515,122.7155546,740,142,152.5897271,814,122,139.0785703,2516,218,32.6094289,2845,796,27.6118226,7448,3,2.8802977,5532,29,6.154076,1625,70,63.7561673
1868,ニュース,ニュース,名詞-普通名詞-一般,news,外,5072,48.4837255,2825,851,29.9115914,1340,328,74.1314473,1367,114,83.2255295,1886,1354,44.6752261,3660,68,13.9318797,3871,18,19.4607218,2251,139,37.0620413,1843,162,43.3425334,1155,690,67.412503,683,1313,129.6689846,6922,2,8.9613363,,,,5239,33,6.4674953,2772,195,30.6438268,2899,784,28.9945772,1224,95,82.0910225,1400,299,71.2465065,1304,82,88.1151945,1821,53,60.4193789,1899,298,44.5761919,1876,1292,44.8171794,5591,6,5.7605954,3620,67,14.2180376,1400,82,74.6857959
1870,キー,キー,名詞-普通名詞-一般,key,外,5065,48.4168118,1272,2059,72.3712887,983,437,98.7665928,2971,46,33.5822312,2957,805,26.5609727,6266,23,4.7122534,1021,96,103.7905161,4610,45,11.9985026,2824,99,26.4871037,907,903,88.2224495,1755,525,51.8478423,10039,1,4.4806682,,,,5988,26,5.0956023,1263,468,73.5451843,1262,1963,72.5973915,1063,108,93.3245309,982,410,97.6958784,2802,34,36.5355685,3888,21,23.9397539,2882,184,27.5235547,2986,756,26.2242938,6661,4,3.8403969,6164,23,4.8808189,2664,40,36.4320956
1873,マン,マン,名詞-普通名詞-一般,man,外,5053,48.3021027,2185,1158,40.7022595,829,501,113.2312655,1881,80,58.4038804,2061,1229,40.5508515,6118,24,4.917134,17635,1,1.0811512,5184,37,9.8654355,1802,165,44.1451729,1087,736,71.9066698,820,1106,109.2261211,10039,1,4.4806682,,,,7899,15,2.9397706,2221,255,40.0726966,2201,1093,40.4222868,879,126,108.8786193,871,457,108.8951621,2138,47,50.5050505,1723,56,63.8393437,2037,278,41.5845011,2104,1142,39.6139465,6661,4,3.8403969,6025,24,5.0930284,2356,46,41.8969099
1899,エンジン,エンジン,名詞-普通名詞-一般,engine,外,4992,47.718998,2054,1251,43.9710938,499,786,177.6442608,4510,27,19.7113096,2335,1068,35.2386569,4771,41,8.4001039,1689,55,59.4633165,7200,21,5.5993012,1788,166,44.4127194,785,1053,102.8773415,1802,507,50.070202,3715,5,22.4033408,,,,8718,12,2.3518165,2174,263,41.3298792,2050,1189,43.9726432,535,195,168.5026252,493,759,180.8565164,3661,24,25.789813,7232,9,10.2598945,2374,232,34.7036125,2326,1017,35.2779191,4379,10,9.6009924,4679,41,8.7005902,3087,33,30.0564789
1921,スタイル,スタイル,名詞-普通名詞-一般,style,外,4930,47.1263341,1815,1428,50.1924236,279,1334,301.4980203,3028,45,32.8521827,2488,991,32.6980422,7319,16,3.2780893,3408,22,23.7853266,4662,44,11.7318692,3589,74,19.7984412,2029,371,36.2464328,1578,592,58.4646145,,,,,,,8397,13,2.5478012,1831,319,50.1301577,1813,1357,50.1857669,345,289,249.7295317,266,1290,307.3845932,3164,29,31.1626907,2648,34,38.7596016,2380,231,34.5540279,2494,937,32.5028615,8692,2,1.9201985,7215,16,3.3953523,1861,60,54.6481434
1922,ベース,ベース,名詞-普通名詞-一般,base,外,4923,47.0594205,2181,1160,40.772557,670,603,136.2843375,2821,49,35.7723767,3013,788,26.0000577,528,1205,246.8811029,4206,16,17.2984194,6125,28,7.4657349,5332,45,12.0395926,2466,291,28.4304904,1860,489,48.2925617,,,,,,,1477,249,48.8001914,2459,227,35.6725574,2192,1098,40.6072012,722,150,129.617404,659,580,138.2039256,2613,37,39.7592951,3298,26,29.6396953,3416,149,22.2880959,2977,758,26.2936703,482,293,281.3090761,532,1153,244.6775731,2007,55,50.0941314
1934,コーヒー,コーヒー,名詞-普通名詞-一般,coffee,外,4874,46.5910249,2138,1186,41.6864247,1751,254,57.4066695,3824,34,24.8216492,1583,1627,53.6828603,3788,64,13.1123573,4038,17,18.3795706,4662,44,11.7318692,1193,252,67.4217186,1614,492,48.0680456,1059,890,87.8944374,1837,12,53.7680179,,,,17137,2,0.3919694,2205,257,40.3869922,2138,1127,41.6797047,1445,82,70.8575142,1709,247,58.8558097,5011,16,17.1932087,3196,27,30.7796836,1568,364,54.4487713,1611,1521,52.7607816,2759,24,23.0423817,3941,57,12.0959425,2067,53,48.2725266
1939,ドラマ,ドラマ,名詞-普通名詞-一般,drama,外,4861,46.4667566,3543,634,22.2843113,887,474,107.1289817,844,184,134.3289248,3390,679,22.4036031,11076,6,1.2292835,17635,1,1.0811512,4812,42,11.1986024,3446,78,20.8686272,830,993,97.0153847,502,1758,173.6162033,4389,4,17.9226726,,,,10399,8,1.5678776,3492,146,22.9435831,3648,586,21.6719671,631,166,143.4432604,938,428,101.9849658,949,112,120.3524608,706,137,156.1783945,2756,194,29.0194001,3521,613,21.2638785,10918,1,0.9600992,11722,5,1.0610476,916,123,112.0286939
1954,コスト,コスト,名詞-普通名詞-一般,cost,外,4827,46.1417474,1495,1744,61.2994305,1470,302,68.255174,2334,62,45.2630073,2339,1067,35.2056619,815,703,144.0310501,9682,4,4.3246048,2937,93,24.7969053,3446,78,20.8686272,2892,238,23.2524286,4187,185,18.270192,,,,,,,1145,351,68.7906313,1374,430,67.5735668,1458,1691,62.5380484,1484,79,68.2651661,1442,290,69.1019628,2942,32,34.3864174,1888,51,58.1394023,2527,217,32.4598444,2283,1039,36.0410599,873,139,133.4537938,803,692,146.8489858,1295,88,80.1506103
2000,イタリア,イタリア,名詞-固有名詞-地名-国,Italia,固,4720,45.1189244,1942,1322,46.4666555,1172,371,83.8498992,1533,100,73.0048504,1459,1737,57.31231,2318,150,30.7320875,1021,96,103.7905161,5184,37,9.8654355,1977,151,40.3995218,2390,303,29.6028817,2076,426,42.0708206,6922,2,8.9613363,,,,6122,25,4.8996176,1896,306,48.0872359,1961,1244,46.0067015,1150,101,87.2757187,1172,350,83.3989206,1413,75,80.5931657,1995,48,54.7194375,1447,391,58.4875537,1498,1615,56.0214742,2294,33,31.6832748,2393,138,29.2849133,1911,58,52.8265386
2003,シート,シート,名詞-普通名詞-一般,sheet,外,4708,45.0042152,1969,1308,45.9745729,696,584,131.9901378,3824,34,24.8216492,2727,885,29.2005725,2874,107,21.9222224,1637,57,61.625619,1425,252,67.1916145,2204,134,35.8512313,1058,755,73.7629561,1625,571,56.3907008,5368,3,13.4420045,,,,7239,18,3.5277247,1957,295,46.3586098,1979,1229,45.4519583,649,163,140.8509123,683,566,134.8679688,3534,25,26.8643886,5008,15,17.0998242,2484,221,33.0581826,2760,824,28.5830927,2037,40,38.4039694,2859,104,22.0697898,2781,38,34.6104908
2004,オーケー,オーケー,名詞-普通名詞-サ変可能,okay,外,4696,44.8895061,2325,1070,37.609169,1110,389,87.9180884,6119,18,13.1408731,3765,588,19.4010583,,,,17635,1,1.0811512,5461,34,9.0655353,3757,70,18.7282552,483,1787,174.5886128,1296,720,71.1056123,,,,,,,7026,19,3.7237094,2230,254,39.9155488,2291,1032,38.1663312,1287,91,78.6345584,1079,378,90.0708343,8020,8,8.5966043,5291,14,15.9598359,3905,125,18.6980671,3776,557,19.3213382,,,,,,,2447,44,40.0753051
2006,リスク,リスク,名詞-普通名詞-一般,risk,外,4692,44.8512697,1065,2428,85.3411797,2819,153,34.579608,3093,44,32.1221342,2769,866,28.5736675,1642,256,52.4494293,13548,2,2.1623024,5887,30,7.9990017,6748,33,8.8290346,2851,242,23.6432257,2502,347,34.2689548,,,,,,,1322,291,57.031549,1003,574,90.2028543,1059,2317,85.6893307,2619,43,37.1569891,2757,149,35.5041119,2942,32,34.3864174,3113,28,31.9196719,2656,204,30.5152454,2775,818,28.3749634,1197,88,84.4887328,1625,253,53.6890078,2904,36,32.788886
